{
  "top_level_accuracy": 0.9492110914013631,
  "sub_level_accuracy": 0.8527215012603865,
  "num_samples": 21422,
  "num_top_classes": 7,
  "num_sub_classes": 45,
  "per_class_accuracy_sub": {
    "American Bullfrog": 1.0,
    "American Toad": 0.8840579710144928,
    "Green Frog": 0.2727272727272727,
    "Northern Leopard Frog": 0.7959183673469388,
    "Common Yellowthroat": 0.8784530386740331,
    "Eastern Bluebird": 0.0,
    "Gray Catbird": 0.5,
    "Indigo Bunting": 1.0,
    "Northern House Wren": 0.9416737109044802,
    "Song Sparrow": 0.9580348004094166,
    "Sora": 1.0,
    "Invertebrate": 0.7416750756811302,
    "Common Five-linked skink": 0.9076142131979695,
    "American Mink": 0.7954545454545454,
    "Brown Rat": 0.3333333333333333,
    "Eastern Chipmunk": 0.6875,
    "Eastern Cottontail": 0.8095238095238095,
    "Long-tailed Weasel": 0.7329192546583851,
    "Masked Shrew": 0.5144508670520231,
    "Meadow Jumping Mouse": 0.0,
    "Meadow_Vole": 0.8863314447592068,
    "N. Short-tailed Shrew": 0.2565789473684211,
    "Raccoon": 0.42857142857142855,
    "Star-nosed mole": 0.4166666666666667,
    "Striped Skunk": 0.5625,
    "Virginia Opossum": 0.5497630331753555,
    "White-footed Mouse": 0.8159392789373814,
    "Woodchuck": 0.42857142857142855,
    "Woodland Jumping Mouse": 0.152317880794702,
    "Butler's Gartersnake": 0.4444444444444444,
    "Dekay's Brownsnake": 0.6551724137931034,
    "Eastern Gartersnake": 0.9436708860759494,
    "Eastern Hog-nosed snake": 1.0,
    "Eastern Massasauga": 0.7375,
    "Eastern Milksnake": 0.9375,
    "Eastern Racer Snake": 0.9607843137254902,
    "Eastern Ribbonsnake": 0.6296296296296297,
    "Gray Ratsnake": 0.9230769230769231,
    "Kirtland's Snake": 0.9166666666666666,
    "Northern Watersnake": 0.2857142857142857,
    "Plains Gartersnake": 0.6190476190476191,
    "Red-bellied Snake": 1.0,
    "Smooth Greensnake": 0.8392857142857143,
    "Painted Turtle": 0.8,
    "Snapping Turtle": 0.0
  }
}